twitter,domain,name,type
katyperry,katyperry.com,KATY PERRY,celebrity
justinbieber,smarturl.it,Justin Bieber,celebrity
taylorswift13,grmypro.co,Taylor Swift,celebrity
rihanna,rihannanow.com,Rihanna,celebrity
ladygaga,,The Countess,celebrity
jtimberlake,justintimberlake.com,Justin Timberlake,celebrity
TheEllenShow,ellentube.com,Ellen DeGeneres,celebrity
britneyspears,britney.lk,Britney Spears,celebrity
Cristiano,,Cristiano Ronaldo,celebrity
KimKardashian,AppStore.com,Kim Kardashian West,celebrity
katyperry,katyperry.com,KATY PERRY,celebrity
justinbieber,smarturl.it,Justin Bieber,celebrity
taylorswift13,grmypro.co,Taylor Swift,celebrity
rihanna,rihannanow.com,Rihanna,celebrity
ladygaga,,The Countess,celebrity
jtimberlake,justintimberlake.com,Justin Timberlake,celebrity
TheEllenShow,ellentube.com,Ellen DeGeneres,celebrity
britneyspears,britney.lk,Britney Spears,celebrity
Cristiano,,Cristiano Ronaldo,celebrity
KimKardashian,AppStore.com,Kim Kardashian West,celebrity
shakira,rov.io,Shakira,celebrity
selenagomez,smarturl.it,Selena Gomez,celebrity
JLo,jlo.lk,Jennifer Lopez,celebrity
ArianaGrande,smarturl.it,Ariana Grande,celebrity
ddlovato,demilovato.com,Demi Lovato,celebrity
jimmyfallon,tonightshow.com,jimmy fallon,celebrity
Oprah,oprah.com,Oprah Winfrey,celebrity
Pink,,P!nk,celebrity
Drake,octobersveryown.com,Drizzy,celebrity
Harry_Styles,onedirectionmusic.com,Harry Styles.,celebrity
onedirection,onedirectionmusic.com,One Direction,celebrity
BillGates,gatesnotes.com,Bill Gates,celebrity
KingJames,LeBronJames.com,LeBron James,celebrity
LilTunechi,youngmoney.com,Lil Wayne WEEZY F,celebrity
BrunoMars,brunomars.com,Bruno Mars,celebrity
KAKA,,Kaka,celebrity
Adele,adele.com,Adele,celebrity
NiallOfficial,onedirectionmusic.com,Niall Horan,celebrity
MileyCyrus,,Miley Ray Cyrus,celebrity
aliciakeys,aliciakeys.com,Alicia Keys,celebrity
KevinHart4real,whatnowtour.com,Kevin Hart,celebrity
wizkhalifa,wizkhalifa.com,Cameron,celebrity
pitbull,youtube.com,Pitbull,celebrity
Real_Liam_Payne,onedirectionmusic.com,Liam,celebrity
Louis_Tomlinson,,Louis Tomlinson,celebrity
NICKIMINAJ,,NICKI MINAJ,celebrity
neymarjr,neymaroficial.com,Neymar Jr,celebrity
Eminem,eminem.com,Marshall Mathers,celebrity
EmWatson,,Emma Watson,celebrity
AvrilLavigne,smarturl.it,Avril Lavigne,celebrity
ActuallyNPH,,Neil Patrick Harris,celebrity
danieltosh,danieltosh.com,daniel tosh,celebrity
davidguetta,davidguetta.com,David Guetta,celebrity
ConanOBrien,teamcoco.com,"Conan O'Brien",celebrity
SrBachchan,srbachchan.tumblr.com,Amitabh Bachchan,celebrity
aplusk,,ashton kutcher,celebrity
khloekardashian,khloewithak.com,Khloé,celebrity
kourtneykardash,,Kourtney Kardashian,celebrity
zaynmalik,,zayn,celebrity
iamsrk,,Shah Rukh Khan,celebrity
coldplay,coldplay.com,Coldplay,celebrity
MariahCarey,mariahcarey.com,Mariah Carey,celebrity
edsheeran,,Ed Sheeran,celebrity
xtina,christinaaguilera.com,Christina Aguilera,celebrity
JimCarrey,jimcarrey.com,Jim Carrey,celebrity
kanyewest,KANYEWEST.COM,KANYE WEST,celebrity
chrisbrown,chrisbrownworld.com,Chris Brown,celebrity
aamir_khan,aamirkhan.com,Aamir Khan,celebrity
BeingSalmanKhan,,Salman Khan,celebrity
agnezmo,agnezmo.com,AGNEZ MO,celebrity
Beyonce,beyonce.com,Beyoncé Knowles,celebrity
blakeshelton,blakeshelton.com,Blake Shelton,celebrity
RyanSeacrest,ryanseacrest.com,Ryan Seacrest,celebrity
ivetesangalo,ivetesangalo.com,Ivete Sangalo,celebrity
LeoDiCaprio,leonardodicaprio.com,Leonardo DiCaprio,celebrity
ParisHilton,ParisHilton.com,Paris Hilton,celebrity
iamwill,will.i.am,will.i.am,celebrity
MohamadAlarefe,arefe.com,د. محمد #العريفي,celebrity
KendallJenner,,Kendall Jenner,celebrity
ashleytisdale,thehautemess.com,AshleyTisdaleFrench,celebrity
tyrabanks,tyra.com,Tyra Banks,celebrity
SnoopDogg,YouTube.com,Snoop Dogg,celebrity
AlejandroSanz,alejandrosanz.com,Alejandro Sanz,celebrity
ricky_martin,bit.ly,Ricky Martin,celebrity
10Ronaldinho,,Ronaldinho Gaúcho,celebrity
SimonCowell,,Simon Cowell,celebrity
WayneRooney,waynerooney.com,Wayne Rooney,celebrity
KDTrey5,,Kevin Durant,celebrity
maroon5,maroon5.com,Maroon 5,celebrity
radityadika,radityadika.com,raditya dika,celebrity
KylieJenner,,Kylie Jenner,celebrity
ClaudiaLeitte,claudialeitte.com,Claudia Leitte,celebrity
DaniloGentili,danilogentili.com,Danilo Gentili,celebrity
shugairi,i7san.net,أحمد الشقيري,celebrity
marcosmion,,snap - mionoficial,celebrity
deepikapadukone,,Deepika Padukone,celebrity
stephenfry,stephenfry.com,Stephen Fry,celebrity
charliesheen,charliesheen.com,Charlie Sheen,celebrity
andresiniesta8,andresiniesta.es,Andrés Iniesta,celebrity
iHrithik,,Hrithik Roshan,celebrity
priyankachopra,iampriyankachopra.com,PRIYANKA ,celebrity
LucianoHuck,globo.com,Luciano Huck,celebrity
3gerardpique,,Gerard Piqué,celebrity
ZacEfron,zacefron.com,Zac Efron,celebrity
carlyraejepsen,carlyraemusic.com,Carly Rae Jepsen,celebrity
rustyrockets,russellbrand.com,Russell Brand,celebrity
juanes,juanes.net,JUANES,celebrity
paurubio,paulinarubio.com,Paulina Rubio,celebrity
iamdiddy,Smarturl.it,Sean Diddy Combs,celebrity
Ludacris,ludaversal.com,Ludacris,celebrity
SHAQ,,SHAQ,celebrity
paulocoelho,paulocoelhoblog.com,Paulo Coelho,celebrity
SabrinaSatoReal,,Sabrina Sato Rahal,celebrity
kelly_clarkson,kellyclarkson.com,Kelly Clarkson,celebrity
tomhanks,playtone.com,Tom Hanks,celebrity
Dr_alqarnee,youtube.com,عائض القرني,celebrity
Usher,chains.tidal.com,Usher Raymond IV,celebrity
akshaykumar,,Akshay Kumar,celebrity
LunaMaya26,itslunamaya.com,luna maya,celebrity
rickygervais,rickygervais.com,Ricky Gervais,celebrity
MesutOzil1088,mesutoezil.com,Mesut Özil,celebrity
sherinasinna,sherinamunaf.com,Sherina Sinna,celebrity
CMYLMZ,cmylmz.com,Cem Yılmaz,celebrity
nickjonas,nickjonas.com,Nick Jonas,celebrity
XabiAlonso,,Xabi Alonso,celebrity
TheRock,,Dwayne Johnson,celebrity
enrique305,enriqueiglesias.com,Enrique Iglesias,celebrity
StephenAtHome,,Stephen Colbert,celebrity
aguerosergiokun,sergioaguero.com,Sergio Kun Aguero,celebrity
VictoriaJustice,vjustice.co,Victoria Justice,celebrity
FALCAO,,Radamel Falcao,celebrity
lindsaylohan,official.lindsaylohan.com,Lindsay Lohan,celebrity
arrahman,arrahman.com,A.R.Rahman,celebrity
AustinMahone,,Austin Mahone,celebrity
victoriabeckham,victoriabeckham.com,Victoria Beckham,celebrity
jamesdrodriguez,jamesrodriguez.com.co,James Rodríguez,celebrity
TreySongz,smarturl.it,Trey Songz,celebrity
SofiaVergara,sofiavergara.com,Sofia Vergara,celebrity
jessicaalba,,Jessica Alba,celebrity
RafaelNadal,rafaelnadal.com,Rafa Nadal,celebrity
rafinhabastos,rafinhabastos.com.br,Rafinha Bastos,celebrity
daddy_yankee,youtu.be,Daddy Yankee,celebrity
afgansyah_reza,afganworld.com,afgansyah reza,celebrity
Anahi,youtube.com,Anahi,celebrity
LMFAO,partyrockpeople.com,LMFAO,celebrity
realwbonner,g1.com.br,William Bonner,celebrity
imVkohli,,Virat Kohli ,celebrity
JessieJ,jessiejofficial.com,Jessie J,celebrity
vidialdiano,vidialdiano.com,Vidi Aldiano,celebrity
annecurtissmith,anne.ph,Anne Curtis-Smith,celebrity
sachin_rt,,sachin tendulkar,celebrity
MarceloTas,blogdotas.com.br,Marcelo Tas,celebrity
mishari_alafasy,misharialafasy.net,مشاري راشد العفاسي,celebrity
Carles5puyol,carles5puyol.com,Carles Puyol,celebrity
SethMacFarlane,,Seth MacFarlane,celebrity
thalia,Thalia.com,Thalia,celebrity
MarcAnthony,marcanthonyonline.com,Marc Anthony,celebrity
cesc4official,cescfabregas.com,Cesc Fàbregas Soler,celebrity
50cent,smarturl.it,50cent,celebrity
Pharrell,smarturl.it,Pharrell Williams,celebrity
joejonas,republicrec.co,J O E  J O N A S,celebrity
BigSean,uknowbigsean.com,Big Sean,celebrity
5SOS,,5 Seconds of Summer,celebrity
azizansari,azizansari.com,Aziz Ansari,celebrity
kobebryant,kobebryant.com,Kobe Bryant,celebrity
davidbisbal,davidbisbal.com,David Bisbal,celebrity
juniorbachchan,,Abhishek Bachchan ,celebrity
Tatawerneck,,Tata werneck,celebrity
channingtatum,channingtatumunwrapped.com,Channing Tatum,celebrity
Persie_Official,robinvanpersie.com,Robin van Persie,celebrity
sonamakapoor,,Sonam Kapoor,celebrity
CodySimpson,radi.al,Cody Simpson,celebrity
LuisFonsi,luisfonsi.com,Luis Fonsi ,celebrity
marcoluque,youtube.com,Marco Luque,celebrity
DavidLuiz_4,,David Luiz,celebrity
GarethBale11,,Gareth Bale,celebrity
JohnCena,,John Cena,celebrity
EugenioDerbez,eugenioderbez.tv,Eugenio Derbez,celebrity
JColeNC,dreamvillain.net,J. Cole,celebrity
elissakh,elissalb.com,Elissa,celebrity
MirandaCosgrove,,Miranda Cosgrove,celebrity
johnlegend,johnlegend.com,John Legend,celebrity
EvaLongoria,jcp.is,Eva Longoria,celebrity
salman_alodah,youtube.com,سلمان العودة,celebrity
karanjohar,,Karan Johar,celebrity
Guaje7Villa,davidvilla7.com,David Villa,celebrity
CherLloyd,,Cher Lloyd,celebrity
JessicaSimpson,jessicasimpson.com,Jessica Simpson,celebrity
NancyAjram,youtu.be,Nancy Ajram,celebrity
SpiderAnderson,spidersilva.com,Anderson Silva,celebrity
montanertwiter,,Ricardo Montaner,celebrity
LittleMix,little-mix.com,Little Mix,celebrity
carmeloanthony,THISISMELO.com,Carmelo Anthony,celebrity
SarahKSilverman,youtube.com,Sarah Silverman,celebrity
shahidkapoor,,Shaandaar Kapoor,celebrity
Tyga,itun.es,T-Raww,celebrity
ChespiritoRGB,,Roberto G. Bolaños,celebrity
snooki,thesnookishop.com,Nicole Polizzi,celebrity
cuervotinelli,,marcelo tinelli,celebrity
143redangel,angellocsin.com.ph,Angel Locsin,celebrity
IAMQUEENLATIFAH,queenlatifah.com,Queen Latifah,celebrity
ZooeyDeschanel,sheandhim.com,zooey deschanel,celebrity
simonpegg,simonpegg.net,Pegg News,celebrity
RaffiAhmadLagi,raffinagita.id,Raffi Ahmad,celebrity
NeYoCompound,,NE-YO,celebrity
CalvinHarris,,Calvin Harris,celebrity
richardbranson,virgin.com,Richard Branson,celebrity
ciara,smarturl.it,Ciara,celebrity
SteveMartinToGo,stevemartin.com,Steve Martin,celebrity
ollyofficial,smarturl.it,Olly Murs,celebrity
DaniAlvesD2,danialves.com,Daniel Alves,celebrity
KELLYROWLAND,KellyRowland.com,KELENDRIA ROWLAND,celebrity
Fearnecotton,officialfearnecotton.com,fearne cotton,celebrity
rioferdy5,5mag.co,Rio Ferdinand,celebrity
FloydMayweather,themoneyteam.com,Floyd Mayweather,celebrity
Luke5SOS,,Luke Hemmings,celebrity
shireensungkar,shireen-sungkar.tumblr.com,shireen sungkar,celebrity
jedarcantik,jessicaiskandar.com,Jessica Iskandar,celebrity
andersoncooper,andersoncooper.com,Anderson Cooper,celebrity
MTLovenHoney,Facebook.MarioTeguh.asia,Mario Teguh,celebrity
FabioPorchat,fabioporchat.com.br,Fabio Porchat,celebrity
FarOutAkhtar,excelmovies.com,Farhan Akhtar,celebrity
jennettemccurdy,,Jennette McCurdy,celebrity
gusttavo_lima,gusttavolima.com.br,Gusttavo Lima,celebrity
bellathorne,imdb.com,bella thorne,celebrity
pittyleone,pitty.com.br,Pitty ,celebrity
hollywills,officialhollywilloughby.com,Holly Willoughby,celebrity
JuanLuisGuerra,vevo.ly,Juan Luis Guerra,celebrity
Tip,grandhustlegang.com,T.I.,celebrity
PerezHilton,PerezHilton.com,Perez Hilton,celebrity
DwightHoward,dwighthoward.com,Dwight Howard,celebrity
CHAYANNEMUSIC,chayanne.com,CHAYANNE,celebrity
Ricardo_Arjona,ricardoarjona.com,Ricardo Arjona ®,celebrity
aliaa08,,SHAANDAAR Alia,celebrity
vicegandako,,jose marie viceral,celebrity
Zendaya,crowdrise.com,Zendaya,celebrity
DulceMaria,dulcemaria.com.mx,Dulce Maria,celebrity
oceara,oceara.com.br,Ceará - Wellington,celebrity
iansomerhalder,omaze.com,Ian Somerhalder,celebrity
KrisJenner,krisjenner.com,Kris Jenner,celebrity
jimmykimmel,youtube.com,Jimmy Kimmel,celebrity
RealHughJackman,,Hugh Jackman,celebrity
luansantana,luansantana.com.br,Luan Santana,celebrity
IGGYAZALEA,iggyazalea.com,IGGY AZALEA,celebrity
GalileaMontijo,galileamontijo.tv,Galilea Montijo,celebrity
AnushkaSharma,,Anushka Sharma,celebrity
robkardashian,,ROBERT KARDASHIAN,celebrity
Akon,akon.com,AKON,celebrity
jason_mraz,jasonmraz.com,Jason Mraz,celebrity
ninadobrev,ninadobrev.com,Nina Dobrev,celebrity
OMARCHAPARRO,omarchaparro.com.mx,Omar Chaparro,celebrity
SergioRamos,sergioramos.com,Sergio Ramos,celebrity
rodrigovesgo,youtube.com,Rodrigo Scarpa,celebrity
LanaDelRey,lanadelrey.com,Lana Del Rey,celebrity
sonakshisinha,,Sonakshi Sinha,celebrity
Mascherano,,Javier Mascherano,celebrity
chetan_bhagat,chetanbhagat.com,Chetan Bhagat,celebrity
Calum5SOS,5sos.com,Calum Hood,celebrity
CH14_,,Chicharito Hernandez,celebrity
jk_rowling,jkrowling.com,J.K. Rowling,celebrity
official_flo,,FLO RIDA,celebrity
chelseahandler,chelseahandler.com,Chelsea Handler,celebrity
atademirer,,atademirer,celebrity
ScottDisick,,Scott Disick,celebrity
CherylOfficial,,Cheryl,celebrity
officialjaden,MSFTSrep.com,Jaden Smith,celebrity
LuisSuarez9,luissuarez16.com,Luis Suarez,celebrity
ParineetiChopra,,Parineeti Chopra,celebrity
RobertDowneyJr,,Robert Downey Jr,celebrity
G_Higuain,,Gonzalo Higuaín,celebrity
jimmycarr,jimmycarr.com,Jimmy Carr,celebrity
TomCruise,TomCruise.com,Tom Cruise,celebrity
kendricklamar,txdxe.com,Kendrick Lamar,celebrity
serenawilliams,serenawilliams.com,Serena Williams,celebrity
Residente,,Residente,celebrity
adamlevine,maroon5.com,Adam Levine,celebrity
CarlosLoret,carlosloret.com,Carlos Loret de Mola,celebrity
JeremyClarkson,,Jeremy Clarkson,celebrity
ahickmann,anahickmann.com.br,Ana Hickmann,celebrity
Talhabeeb,,أ. د. طارق الحبيب,celebrity
VanessaHudgens,vanessahudgens.tumblr.com,Vanessa Hudgens,celebrity
TareqAlSuwaidan,suwaidan.com,د. طارق السويدان,celebrity
JKCorden,,Jkcorden,celebrity
Michael5SOS,5sosf.am,Michael Clifford,celebrity
elliegoulding,elliegoulding.com,Ellie Goulding,celebrity
camerondallas,m.youtube.com,Cameron Dallas,celebrity
lopezdoriga,lopezdoriga.com,Joaquín López-Dóriga,celebrity
DrBassemYoussef,,Dr Bassem Youssef,celebrity
thekiranbedi,kiranbedi.com,Kiran Bedi,celebrity
raisa6690,,Raisa Andriana,celebrity
lilyallen,lilyallenmusic.com,lily,celebrity
AnupamPkher,actorprepares.net,Anupam Kher,celebrity
MichelleObama,barackobama.com,Michelle Obama,celebrity
maryjblige,maryjblige.com,Mary J. Blige,celebrity
oserginho,altashoras.globo.com,Serginho Groisman,celebrity
justdemi,,Demi Moore,celebrity
bernardokath,,KATH,celebrity
SamuelLJackson,samuelljackson.com,Samuel L. Jackson,celebrity
NicoleScherzy,nicolescherzinger.com,Nicole Scherzinger,celebrity
bep,blackeyedpeas.com,The Black Eyed Peas,celebrity
Ahlam_Alshamsi,ahlam-alshamsi.com,Ahlam - احلام,celebrity
okanbayulgen,,okan bayulgen,celebrity
INDONESIAinLOVE,indonesiainlove.id,INDONESIAinLOVE,celebrity
amrkhaled,AmrKhaled.net,Amr Khaled,celebrity
MeekMill,smarturl.it,Meek Mill,celebrity
antanddec,officialantanddec.com,antanddec,celebrity
CasillasWorld,ikercasillasworld.com,Iker Casillas,celebrity
RitaOra,smarturl.it,Rita Ora,celebrity
lulopilato,,Luisana Lopilato,celebrity
Fiuk,,Fiuk,celebrity
NickCannon,nickcannon.com,Nick Cannon,celebrity
bepe20s,bambangpamungkas20.com,•Bambang Pamungkas•,celebrity
SandyLeah,sandyoficial.com.br,Sandy Leah,celebrity
mirandalambert,mirandalambert.com,Miranda Lambert,celebrity
Angelluisr,verawear.mobapp.at,Angel Rivera,celebrity
Nashgrier,itun.es,Nash Grier,celebrity
bclsinclair,bclofficial.com,bunga citra lestari,celebrity
RedHourBen,,Ben Stiller,celebrity
DemetAkalin,demetakalin.com.tr,Demet Akalin Kurt,celebrity
YengPLUGGEDin,youtu.be,Yeng Constantino,celebrity
mindykaling,bit.ly,Mindy Kaling,celebrity
LukeBryanOnline,umgn.us,Luke Bryan,celebrity
siwon407,N407.com,SIWON CHOI,celebrity
MacMiller,macmillerswebsite.com,Mac,celebrity
D_DeGea,degea1.com,David De Gea,celebrity
juanmata8,juanmata8.com,Juan Mata García,celebrity
TigerWoods,TigerWoods.com,Tiger Woods,celebrity
MikeTyson,miketyson.com,Mike Tyson,celebrity
LennyKravitz,lennykravitz.com,Lenny Kravitz,celebrity
kevinjonas,yoodapp.com,kevin jonas,celebrity
JonahHill,,Jonah Hill,celebrity
DwyaneWade,dwyanewade.com,DWade,celebrity
nicolerichie,,Nicole Richie,celebrity
linkinpark,linkinpark.com,LINKIN PARK,celebrity
HilaryDuff,smarturl.it,Hilary Duff,celebrity
ImRaina,,Suresh Raina,celebrity
RNTata2000,,Ratan N. Tata,celebrity
ariyoshihiroiki,,有吉弘行,celebrity
IBGDRGN,,G-DRAGON,celebrity
AnnaKendrick47,,Anna Kendrick,celebrity
AlanCarr,alancarr.net,Alan Carr,celebrity
sectorkekz,,Angelica Panganiban,celebrity
wossy,catchacatchaaliens.com,Jonathan Ross,celebrity
lucyhale,lucyhale.com,Lucy Hale,celebrity
bridgitmendler,,Bridgit Mendler,celebrity
donghae861015,cyworld.com,Super Junior 이동해,celebrity
JohnCleese,johncleese.com,John Cleese,celebrity
souljaboy,itunes.apple.com,"Soulja Boy Tell 'Em",celebrity
PrinceRoyce,smarturl.it,Prince Royce,celebrity
TiagoLeifert,,Tiago Leifert,celebrity
carrieunderwood,carrieunderwoodofficial.com,Carrie Underwood,celebrity
jesseyjoy,jesseyjoy.com,Jesse & Joy Oficial,celebrity
yokoono,IMAGINEPEACE.com,Yoko Ono,celebrity
olla_ramlan,,Ollaufar,celebrity
DjokerNole,mobile.novakdjokovic.com,Novak Djokovic,celebrity
gabyespino,gabyespino.com,gaby espino,celebrity
Bellaudyaa,,Laudya cynthia bella,celebrity
tyleroakley,youtu.be,Tyler Oakley / TODAY,celebrity
johngreen,johngreenbooks.com,John Green,celebrity
BillSimmons,grantland.com,Bill Simmons,celebrity
DiegoForlan7,diegoforlan.com,Diego Forlan,celebrity
llcoolj,m.kohls.com,Instagram  @LLCOOLJ,celebrity
facufacundo,facundo.tv,Facundo,celebrity
msleamichele,,Lea Michele,celebrity
iamsuperbianca,iamsuperbianca.com,Bianca Gonzalez,celebrity
msdhoni,,Mahendra Singh Dhoni,celebrity
piersmorgan,,Piers Morgan,celebrity
Skrillex,,SKRILLEX,celebrity
virendersehwag,sehwagworld.com,Virender Sehwag,celebrity
jorgeemateus,jorgeemateus.com.br,Jorge & Mateus,celebrity
gitagut,gitagut.blog.com,Aluna Sagita Gutawa,celebrity
Lord_Sugar,,Lord Sugar,celebrity
MonsieurDream,cyprien.fr,Cyprien,celebrity
CP3,chrispaul3.com,Chris Paul,celebrity
iamjamiefoxx,jamiefoxxmusic.com,Jamie Foxx,celebrity
IrfanBachdim10,jenniferbachdim.com,Irfan Bachdim,celebrity
kc_concepcion,,KC Concepcion,celebrity
imdanielpadilla,,Daniel Padilla,celebrity
gadelmaleh,gadelmaleh.com,Gad Elmaleh,celebrity
MarceloM12,,Marcelo Vieira,celebrity
micheltelo,micheltelo.com,Michel Teló,celebrity
SalehAlmoghamsy,youtube.com,الشيخ صالح المغامسي,celebrity
luckymanzano,,Luis Manzano,celebrity
yelyahwilliams,smarturl.it,hayley from Paramore,celebrity
DONOMAR,donomar.com,DON OMAR aka KONG,celebrity
SteveCarell,,Steve Carell,celebrity
neiltyson,haydenplanetarium.org,Neil deGrasse Tyson,celebrity
wisinyyandel,wisinyandelpr.com,Wisin Y Yandel,celebrity
NoelSchajris,,Noel Schajris,celebrity
RevRunWisdom,globalgrind.com,Rev Run,celebrity
SandraDewi88,sandradewi.blogseleb.com,Sandra Dewi,celebrity
amrdiab,amrdiab.net,Amr Diab,celebrity
ShawnMendes,,Shawn Mendes,celebrity
syntekoficial,syntekoficial.com,Aleks Syntek,celebrity
AdelAliBinAli,,عادل علي بن علي,celebrity
felipeneto,youtube.com,Felipe Neto,celebrity
polo_polo,polopolo.mx,Polo Polo,celebrity
GloriaTrevi,mundotrevi.com,GloriaTrevi,celebrity
TheVijayMallya,,Vijay Mallya ,celebrity
Ashton5SOS,hiorheyrecords.com,Ashton Irwin,celebrity
Wale,everybluemoon.com,Young Olu the Genius,celebrity
ChinoyNacho,chinoynacho.com.ve,Chino y Nacho,celebrity
Riteishd,,Riteish Deshmukh ,celebrity
RealLamarOdom,,LAMAR ODOM,celebrity
PretaGil,pretagil.com.br,Preta Gil,celebrity
TomCavalcante1,tomcavalcante.com.br,TOM CAVALCANTE,celebrity
RandyOrton,,Randy Orton,celebrity
DjKingAssassin,djkingassassin.com,DJ KING ASSASSIN,celebrity
gadiiing,,Gading Marten,celebrity
DJPaulyD,DJPaulyD.com,DJ Pauly D,celebrity
LuceroMexico,lucero.com.mx,Lucero,celebrity
paulitachaves,multitalentagency.com,Paula,celebrity
KevinSpacey,kevinspacey.com,Kevin Spacey,celebrity
OzzyOsbourne,ozzy.com,Ozzy Osbourne,celebrity
AdamSchefter,,Adam Schefter,celebrity
GaryLineker,,Gary Lineker,celebrity
VhongX44,,Vhong Navarro,celebrity
_CristineReyes_,,Cristine Reyes,celebrity
JordinSparks,smarturl.it,Jordin Sparks,celebrity
juliaperrez,julia-perez.com,juliaperez,celebrity
rainnwilson,ow.ly,RainnWilson,celebrity
silagencoglu,silagencoglu.com.tr,Sıla Gençoğlu,celebrity
QueenRania,,Rania Al Abdullah,celebrity
hulyavsar,hulyaavsar.com.tr,Hulya Avsar,celebrity
najwakaram,najwakaram.com,Najwa Karam,celebrity
1victorvaldes,,Victor Valdes,celebrity
DebbouzeJamel,jameldebbouze.fr,Jamel Debbouze,celebrity
montesjulia,,Julia Montes,celebrity
hazardeden10,,Eden hazard,celebrity
ajaydevgn,,Ajay Devgn,celebrity
indrabektiasli,,INDRA BEKTI,celebrity
MirandaKerr,mirandakerr.com,Miranda Kerr,celebrity
fayez_malki,,فايز المالكي,celebrity
angelicaksy,,angelica huck,celebrity
GaryBarlow,garybarlow.com,Gary Barlow,celebrity
TheShilpaShetty,bestdealtv.in,SHILPA SHETTY KUNDRA,celebrity
aristeguicnn,cnnespanol.com,Carmen Aristegui,celebrity
BillCosby,BillCosby.com,Bill Cosby,celebrity
tonyhawk,about.me,Tony Hawk,celebrity
noaheverett,pingly.com,Noah Everett,celebrity
AndreaLegarreta,,Andrea Legarreta,celebrity
tylerperry,tylerperry.com,Tyler Perry,celebrity
julietav,julietavenegas.net,Julieta Venegas,celebrity
bipsluvurself,bipashabasunet.com,Bipasha Basu,celebrity
psy_oppa,youtu.be,PSY,celebrity
Caradelevingne,iamcaradelevingne.tumblr.com,Cara Delevingne,celebrity
galifianakisz,zachgalifianakis.com,zach galifianakis,celebrity
Nelly_Mo,nelly.net,Nelly_Mo,celebrity
DebbyRyan,debbyryan.tumblr.com,DΞΒΒΥ RΥΛΠ,celebrity
KellyOsbourne,kellyosbourne.com,Kelly Osbourne,celebrity
YordiRosado,yordirosado.com.mx,Yordi Rosado,celebrity
eddieizzard,eddieizzard.com,Eddie Izzard,celebrity
KapilSharmaK9,kapilsharma.org,KAPIL,celebrity
cuneytozdemir,dipnot.tv,cüneyt özdemir,celebrity
JoelOsteen,JoelOsteen.com,Joel Osteen,celebrity
dylanobrien,imdb.com,"Dylan O'Brien",celebrity
diegotorres,diegotorres.com,Diego Torres,celebrity
KeriHilson,,Keri Hilson,celebrity
yilmazerdogan,yilmazerdogan.com,Yılmaz Erdoğan,celebrity
realpreityzinta,,Preity zinta,celebrity
rogerfederer,rogerfederer.com,Roger Federer,celebrity
lordemusic,lordemusic.tumblr.com,Lorde,celebrity
GreenDay,greenday.com,Green Day,celebrity
PochoLavezzi,elpocholavezzi.com,Ezequiel Lavezzi,celebrity
carlosvives,carlosvives.com,Carlos Vives,celebrity
jackwhitehall,jackwhitehall.com,Jack Whitehall,celebrity
alyankovic,weirdal.com,Al Yankovic,celebrity
alexoficial,alejandrofernandez.com,Alejandro Fernandez,celebrity
Jenna_Marbles,youtube.com,Jenna Mourey/Marbles,celebrity
MaiteOficial,,Maite Perroni B,celebrity
shreyaghoshal,shreyaghoshal.com,Shreya Ghoshal,celebrity
LAURAGII,laurag.tv,Laura G,celebrity
raghebalama,ragheb-alama.com,Ragheb Alama,celebrity
wyclef,Wyclef.com,Wyclef Jean,celebrity
Alwaleed_Talal,alwaleed.com.sa,الوليد بن طلال,celebrity
scooterbraun,scooterbraun.com,Scooter Braun,celebrity
Adela_Micha,adelamicha.com,Adela Micha ,celebrity
tiesto,tiesto.com,Tiësto,celebrity
paramore,paramore.net,PARAMORE,celebrity
apriliokevin,,Kevin Aprilio,celebrity
AshBenzo,ashleybenson.net,Ashley Benson,celebrity
urgantcom,urgantshow.ru,Ivan Urgant,celebrity
NormanDesVideos,m.youtube.com,Norman Thavaud,celebrity
iyavillania,iyavillania.com,IyaVillaniaArellano,celebrity
usainbolt,usainbolt.com,Usain St. Leo Bolt,celebrity
lancearmstrong,mellowjohnnys.com,Lance Armstrong,celebrity
paulwesley,,Paul Wesley,celebrity
LuisChataing,youtube.com,Luis Chataing,celebrity
aarbeloa17,,Álvaro Arbeloa,celebrity
paulpierce34,paulpierce.net,Paul Pierce,celebrity
hitRECordJoe,hitRECord.org,Joseph Gordon-Levitt,celebrity
HamzaNamira,hamzanamira.com,Hamza Namira,celebrity
MadhuriDixit,madhuridixit-nene.com,Madhuri Dixit-Nene,celebrity
IAMJHUD,jenniferhudson.com,Jennifer Hudson,celebrity
mcuban,cyberdust.com,Mark Cuban,celebrity
DrOz,doctoroz.com,Dr. Mehmet Oz,celebrity
belindapop,belindamusic.net,Belinda,celebrity
JoyceMeyer,joycemeyer.org,Joyce Meyer,celebrity
ValeYellow46,valentinorossi.com,Valentino Rossi,celebrity
Poconggg,poconggg.com,ariefmuhammad,celebrity
gulbenergen,,Gülben Ergen Çelik,celebrity
TherealTaraji,,Taraji P. Henson,celebrity
ElBaradei,ar-ar.,Mohamed ElBaradei,celebrity
jimjonescapo,capolife.com,Jim Jones ,celebrity
abdulrahman,,عبدالرحمن بن مساعد,celebrity
joelmchale,joelmchaleonline.com,Joel McHale,celebrity
jaimecamil,jaimecamil.com,Jaime Camil,celebrity
acunilicali,acunn.com,Acun Ilıcalı,celebrity
alinebarros,alinebarros.com.br,Aline Barros,celebrity
luisnani,,Nani,celebrity
OfficialWillow,ketsuktiam.tumblr.com,Willy,celebrity
ahmethc,,ahmet hakan,celebrity
bigtimerush,btrband.com,Big Time Rush,celebrity
_Pedro17_,pedro17.com,Pedro Rodríguez,celebrity
samsmithworld,,SAM SMITH,celebrity
Schofe,officialphillipschofield.com,Phillip Schofield,celebrity
pamyurin,,きゃりーぱみゅぱみゅ,celebrity
EmilyOsment,emilyosmentofficial.com,Emily Osment,celebrity
itsenriquegil,,Enrique Gil,celebrity
samuelmilby,,Sam Milby,celebrity
FinallyMario,,Mario Balotelli,celebrity
DollyParton,DollyPartonEntertainment.com,Dolly Parton,celebrity
ChrisMoyles,youtube.com,Chris Moyles,celebrity
BradPaisley,bradpaisley.com,Brad Paisley,celebrity
FreddyAmazin,FREDDYAMAZIN.COM,FREDDY,celebrity
FrancoDVita,francodevita.com,Franco De Vita ,celebrity
HaifaWehbe,haifawehbe.com,Haifa Wehbe,celebrity
DannyDeVito,imdb.com,Danny DeVito,celebrity
robdyrdek,robdyrdek.com,Rob Dyrdek,celebrity
JENNIWOWW,jennifarley.com,JWOWW,celebrity
mangeshkarlata,en.wikipedia.org,Lata Mangeshkar,celebrity
PaulaFernandes7,paulafernandes.com.br,Paula Fernandes,celebrity
PrincesSyahrini,,Syahrini,celebrity
jasonderulo,smarturl.it,Jason Derulo,celebrity
zoetheband,zoetheband.com,Zoé,celebrity
brunogagliasso,,Bruno Gagliasso,celebrity
Schwarzenegger,schwarzenegger.com,Arnold,celebrity
BruMarquezine,,Bruna Marquezine,celebrity
JoshDevineDrums,,Josh Devine,celebrity
pedroalfonsoo,laboratoriodepedro.com,Pedro Alfonso,celebrity
KeshaRose,smarturl.it,kesha ,celebrity
UncleRUSH,,Russell Simmons,celebrity
JakeTAustin,,Jake T. Austin,celebrity
officialtulisa,,Tulisa Contostavlos,celebrity
EleanorJCalder,thetrendpear.com,Eleanor Calder,celebrity
ochocinco,ocnnreport.com,Chad Johnson,celebrity
chrisrock,chrisrock.com,Chris Rock,celebrity
sneijder101010,,Wesley Sneijder,celebrity
SeanKingston,seankingston.com,SEAN KINGSTON ©,celebrity
brozoxmiswebs,victortrujillo.com.mx,brozo xmiswebs,celebrity
MuratBoz,,Murat Boz,celebrity
vjdaniel,danielmananta.com,VJ Daniel Mananta,celebrity
JamesFrancoTV,jamesfrancotv.com,James Franco,celebrity
amandabynes,,amanda bynes,celebrity
FePaesLeme,,Fe Paes Leme,celebrity
jessicacediel,,Jessica Cediel,celebrity
ANAMARIABRAGA,anamariabraga.globo.com,Ana Maria Braga,celebrity
MCHammer,alchemistmgmt.com,MC HAMMER,celebrity
giseleofficial,giselebundchen.com,Gisele Bündchen,celebrity
Fergie,fergie.com,Fergie,celebrity
Fonseca,fonseca.net,Fonseca,celebrity
dumbassgenius,rickrosner.com,Rick G. Rosner,celebrity
mrsayudewi,,Ayu Dewi,celebrity
battalalgoos,,بتال القوس ,celebrity
NellyFurtado,nellyfurtado.com,Nelly Furtado,celebrity
kuyakim_atienza,,kim atienza,celebrity
nikkigil,,Nikki Gil,celebrity
maddow,rachel.msnbc.com,Rachel Maddow MSNBC,celebrity
questlove,itunes.apple.com,Questlove Gomez,celebrity
ErikaDLV,erikatipoweb.com,Erika de la Vega,celebrity
RomeoSantosPage,smarturl.it,Romeo Santos,celebrity
YUVSTRONG12,youwecan.com,yuvraj singh,celebrity
TravieMcCoy,traviemccoy.com,Travie McCoy,celebrity
LaurenConrad,laurenconrad.com,Lauren Conrad,celebrity
21LVA,davidjimenezsilva.com,David Silva,celebrity
CaioCastro,,Caio Castro,celebrity
thiaguinhocomth,thiaguinho.net,THiaguinho,celebrity
AHMTKURAL,,Ahmet Kural,celebrity
Titi_KamaLL,titisaricatering.com,Titi Kamal,celebrity
RealVolya,pavelvolya.com,Pavel Volya,celebrity
rialjorge,,JORGE RIAL,celebrity
brookeburke,,Brooke Burke-Charvet,celebrity
MrPeterAndre,peterandre.com,Peter Andre,celebrity
ToniKroos,toni-kroos.com,Toni Kroos,celebrity
mustafaceceli,mustafaceceli.com,Mustafa Ceceli,celebrity
SamiAlJaber,,سامي الجابر,celebrity
GiulianaRancic,giulianarancic.com,Giuliana Rancic,celebrity
shfly3424,,Yesung,celebrity
lopezandres,AndresLopez.com,Andres Lopez Forero,celebrity
JoeyEssex_,FuseyOfficial.com,Joey Essex,celebrity
heidiklum,heidiklum.com,Heidi Klum,celebrity
lala,amzn.to,LA LA,celebrity
GemmaAnneStyles,gemmastyles.com,Gemma Styles,celebrity
mustafa_agha,mbc.net, Mustafa agha,celebrity
RobertsEmma,,Emma Roberts,celebrity
BustaRhymes,,Busta Rhymes,celebrity
manomenezes,manomenezes.com.br,Mano Menezes,celebrity
NathanFillion,,Nathan Fillion,celebrity
pattiemallette,pattiemallette.com,Pattie Mallette,celebrity
6BillionPeople,MarquisTrill.com,MarQuis Trill,celebrity
TheMattEspinosa,CREATIVECOLLABTOUR.com,Matthew Espinosa,celebrity
waleedalfarraj,,وليد_الفراج#,celebrity
cerati,cerati.com,Gustavo Cerati,celebrity
myfabolouslife,bloodsthicker.com,Fabolous,celebrity
blakegriffin32,blakegriffin.com,Blake Griffin,celebrity
danawhite,ufc.com,Dana White,celebrity
EspinozaOficial,espinozapaz.com,Espinoza Paz,celebrity
Khunnie0624,,นิชคุณ Buck หรเวชกุล,celebrity
Sethrogen,hilarityforcharity.org,Seth Rogen,celebrity
andy_murray,andymurray.com,Andy Murray,celebrity
JohnBishop100,johnbishoponline.com,John Bishop,celebrity
laliespos,,Lali Esposito,celebrity
corbuzier,youtu.be,Corbuzier,celebrity
ceracoat,ceracoat.me,Dr Elio Keller,celebrity
DavidKWilliams,fishbowlinventory.com,DavidKWilliams,celebrity
michkeegan,,michelle keegan,celebrity
Slash,slashonline.com,Slash,celebrity
deadmau5,live.deadmau5.com,deadmau5,celebrity
missA_suzy,missaworld.com,숮이,celebrity
PBiaL,,Pedro Bial,celebrity
BRUNOIERULLO,brunoierullo.com,BRUNO IERULLO,celebrity
NOAH_ID,noah-site.com,NOAH,celebrity
themichaelowen,michaelowen.com,michael owen,celebrity
DrakeBell,drakebell.com,Drake Bell,celebrity
AnselElgort,,Ansel Elgort,celebrity
SaraBareilles,sarabmusic.com,Sara Bareilles,celebrity
MPOFFICIAL,mpokoramusic.fr,Matt Pokora,celebrity
Tbambino,titoelbambinoelpatron.com,Tito El Bambino,celebrity
isco_alarcon,,ISCO ALARCON,celebrity
VigilanteArtist,alejandrovigilante.com,Alejandro Vigilante,celebrity
Manuel_Neuer,,Manuel Neuer,celebrity
kevadamsss,kevadams.fr,Kev.Adams,celebrity
sethmeyers,,Seth Meyers,celebrity
AndreaSernaTV,andreaserna.net,Andrea Serna,celebrity
special1004,,Lee Teuk,celebrity
JanetJackson,janetjackson.com,Janet Jackson,celebrity
paugasol,paugasol.com,Pau Gasol,celebrity
billmaher,billmaher.com,Bill Maher,celebrity
JBALVIN,jbalvinelnegocio.com,J BALVIN,celebrity
RolaWorLD,ameblo.jp,ROLA,celebrity
S_C_,,Mr. Carter,celebrity
VINNYGUADAGNINO,podcastone.com,Vinny Guadagnino,celebrity
MsLeaSalonga,leasalonga.com,Lea Salonga,celebrity
jack,,Jack,celebrity
manuginobili,manuginobili.com,Manu Ginobili,celebrity
ilovegeorgina,,Georgina Wilson,celebrity
jackybrv,jackybracamontes.com,JACKY BRACAMONTES,celebrity
Tyrese,smarturl.it,Vision Implementer  ,celebrity
ReikMx,reik.tv,Reik,celebrity
DaneCook,,Dane Cook,celebrity
JerrySeinfeld,jerryseinfeld.com,Jerry Seinfeld,celebrity
geneliad,,Genelia Deshmukh,celebrity
D_Copperfield,davidcopperfield.com,David Copperfield,celebrity
RealTracyMorgan,,Tracy Morgan,celebrity
drdrew,drdrew.com,Dr Drew,celebrity
marley_ok,marley.com.ar,MARLEY - ALE WIEBE,celebrity
andreolifelipe,felipeandreoli.net,Felipe Andreoli,celebrity
1LoganHenderson,,Logan Henderson,celebrity
Ibra_official,,Zlatan Ibrahimović,celebrity
handeyener,handeyener.com,Hande Yener,celebrity
smosh,apple.co,Smosh,celebrity
rickyrozay,smarturl.it,BlackBottleBoy,celebrity
Caitlyn_Jenner,caitlynjenner.com,Caitlyn Jenner,celebrity
common,thinkcommon.com,COMMON,celebrity
susoelpaspi,susoelpaspi.com.co,Suso el Paspi,celebrity
huryazarlar,hurriyet.com.tr,Hürriyet Yazarlar,celebrity
DaRealAmberRose,amberroseeyewear.com,Amber Rose,celebrity
Asli_Jacqueline,,Jacqueline Fernandez,celebrity
Benzema,carbu.link,Karim Benzema,celebrity
MarthaStewart,themarthablog.com,Martha Stewart,celebrity
jamesmaslow,sherlockholmesonstage.com,James Maslow,celebrity
lafouine78,,lafouine,celebrity
oscar8,,Oscar,celebrity
Su_Gimenez,,Susana Gimenez,celebrity
DavidHenrie,,David Henrie,celebrity
Caspar_Lee,youtube.com,Caspar Lee,celebrity
steveaoki,smarturl.it,Steve Aoki,celebrity
BoAkwon,,BoA,celebrity
VeraBrezhneva,brezhneva.com,Вера Брежнева,celebrity
DaniellePeazer,youtube.com,Danielle Peazer,celebrity
JHarden13,,James Harden,celebrity
shrutihaasan,myspace.com,shruti haasan,celebrity
Joey7Barton,joeybarton.com,Joseph Barton,celebrity
MirzaSania,saniamirzatennisacademy.com,Sania Mirza,celebrity
steveaustinBSR,,Steve Austin,celebrity
krungy21,,Sandara Park,celebrity
ninagarcia,ninagarcia.com,Nina Garcia,celebrity
farisf9,i.,فارس عوض F.A,celebrity
Imaginedragons,imaginedragonsmusic.com,Imagine Dragons,celebrity
HayesGrier,,Hayes Grier,celebrity
ryeong9,,SUPER,celebrity
AlbertoCiurana,univision.com,Alberto Ciurana,celebrity
shaymitch,us.macmillan.com,Shay Mitchell,celebrity
mynameisrossa,pecintarossa.com,Rossa Roslaina,celebrity
troyesivan,troye.si,Troye Sivan,celebrity
ReggieBush,ReggieBush.com,Reggie Bush,celebrity
mh_awadi,,محمد العوضي,celebrity
chinasuarez,,Eugenia Suarez ♛,celebrity
Metallica,metallica.com,Metallica,celebrity
bhogleharsha,,Harsha Bhogle,celebrity
dedesecco,,deborah secco,celebrity
jupaesoficial,julianapaes.com.br,Juliana Paes,celebrity
GNev2,,Gary Neville,celebrity
StephenCurry30,Stephencurry30.com,Stephen Curry,celebrity
TimTebow,timtebow.com,Tim Tebow,celebrity
LewisHamilton,lewis.social,Lewis Hamilton,celebrity
gio_antonelli,,Giovanna Antonelli,celebrity
jhutch1992,joshhutcherson.com,Josh Hutcherson,celebrity
Torres,fernando9torres.com,Fernando Torres,celebrity
amrwaked,zadcomm.com,Amr Waked,celebrity
bomanirani,,Boman Irani,celebrity
lenadunham,lennyletter.com,Lena Dunham,celebrity
assihallani,assielhallani.com,Assi Hallani,celebrity
LeighFrancis,leighfrancis.tv,Leigh Francis,celebrity
williecolon,williecolon.com,Willie Colón,celebrity
7sainaljassmi,hussainaljassmi.com,Aljassmi حسين الجسمي,celebrity
FLOTUS,whitehouse.gov,The First Lady,celebrity
eseryenenler,,Eser YENENLER,celebrity
theweeknd,theweeknd.co,The Weeknd,celebrity
PearlJam,pearljam.com,Pearl Jam,celebrity
AllRiseSilver,,Dalnim,celebrity
ShawnMichaels,TheShawnMichaels.com,Shawn Michaels,celebrity
shitmydadsays,,Justin,celebrity
TheVampsband,po.st,The Vamps,celebrity
IAmSteveHarvey,iamsteveharvey.com,Steve Harvey,celebrity
ABdeVilliers17,abdevilliers.com,AB de Villiers,celebrity
ErinAndrews,erinandrews.com,Erin Andrews,celebrity
OscarFilho,bit.ly,Oscar Filho,celebrity
sardesairajdeep,rajdeepsardesai.net,Rajdeep Sardesai,celebrity
wilw,wilwheaton.net,Wil SCREAMton,celebrity
prattprattpratt,,chris pratt,celebrity
itsgabrielleu,,Gabrielle Union,celebrity
sertaberener,sertab.com,Sertab Erener,celebrity
sonunigam,sonunigam.in,Sonu Nigam,celebrity
lnsaneTweets,,Can u not,celebrity
Jason_Aldean,jasonaldean.com,Jason Aldean,celebrity
MikaSingh,mikasingh.in,King Mika Singh,celebrity
ChrisEvans,,Chris Evans,celebrity
tonyhsieh,deliveringhappiness.com,Zappos.com CEO -Tony,celebrity
matsu_bouzu,,松本人志,celebrity
jimmyeatworld,jimmyeatworld.com,Jimmy Eat World,celebrity
MarkWright_,,Mark Wright,celebrity
cher,cher.com,Cher  ,celebrity
Alyssa_Milano,Alyssa.com,Alyssa Milano,celebrity
LisaSurihani,,Lisa Surihani,celebrity
lorenzojova,soleluna.com,Lorenzo Jovanotti,celebrity
ThatKevinSmith,smodcast.com,KevinSmith,celebrity
MarioGoetze,mario-goetze.com,Mario Götze,celebrity
BDUTT,,barkha dutt,celebrity
thebeatles,thebeatles.com,The Beatles,celebrity
kasimf,,فيصل القاسم,celebrity
SintoniaVerso,,Sintonia Verso,celebrity
Javier_Alatorre,,Javier Alatorre,celebrity
AxelOficial,axelweb.com.ar,Axel,celebrity
KadimAlSahirORG,,كاظم الساهر,celebrity
Niltakipte,niltakipte.com,Nil Karaibrahimgil,celebrity
MagicJohnson,,Earvin Magic Johnson,celebrity
BSchweinsteiger,bastian-schweinsteiger.de,Basti Schweinsteiger,celebrity
KP24,,Kevin Pietersen,celebrity
Buenafuente,andreubuenafuente.com,Andreu Buenafuente,celebrity
ashleesimpson,ashleesimpsonmusic.com,Ashlee Simpson Ross,celebrity
pabloalboran,pabloalboran.es,Pablo Alborán,celebrity
SSantiagosegura,,Santiago Segura,celebrity
drdre,drdre.com,Dr. Dre,celebrity
KatGraham,katgraham.com,Kat Graham,celebrity
elonmusk,,Elon Musk,celebrity
mark_wahlberg,,Mark Wahlberg,celebrity
desta80s,id.m.wikipedia.org,Deddy Mahendra Desta,celebrity
MissyElliott,,Missy Elliott,celebrity
PointlessBlog,YouTube.com,Alfie Deyes,celebrity
mariagadu,mariagadu.net,Maria Gadú,celebrity
solennheussaff,,Solenn Heussaff,celebrity
DennyCagur,bit.ly,Denny Cagur ,celebrity
Podolski10,strassenkicker.com,Lukas-Podolski.com,celebrity
ImRo45,,Rohit Sharma ,celebrity
macklemore,DowntownTheSong.com,Macklemore,celebrity
willylevy29,,william levy,celebrity
TheRealMikeEpps,mikeepps.com,Mike Epps,celebrity
tarkan,tarkan.com,Tarkan,celebrity
10neto,craqueneto10.com.br,Craque Neto 10,celebrity
cadieckmann,,carolina dieckmann,celebrity
FannyLu,fannylu.com,Fanny Lu,celebrity
thekillers,thekillersmusic.com,The Killers,celebrity
markhoppus,himynameismark.com,Dadcula,celebrity
haashoficial,ha-ash.com,Ha*Ash,celebrity
germanpaoloski,,German Paoloski,celebrity
LizGillies,youtube.com,Elizabeth Gillies,celebrity
ActorLeeMinHo,,Lee Min Ho,celebrity
notch,notch.net,Markus Persson,celebrity
YALINonline,yalinonline.com,Yalın,celebrity
radioleary,johnnoel.com,"Dermot O'Leary",celebrity
Elovera22,emiliolovera.com,Emilio Lovera,celebrity
russwest44,,Russell Westbrook,celebrity
henrylau89,,Henry Lau,celebrity
Trevornoah,trevornoah.com,Trevor Noah,celebrity
OneRepublic,onerepublic.com,OneRepublic,celebrity
rampalarjun,,arjun rampal,celebrity
officialJKT48,jkt48.com,official JKT48,celebrity
TheFarahKhan,,Farah Khan,celebrity
RyanSheckler,ryansheckler.com,Ryan Sheckler,celebrity
vazqueznico,agenciafarrell.com,Nicolas Vazquez,celebrity
hardwick,,Chris Hardwick,celebrity
AlvaroMorata,alvaromorata9.com,Álvaro Morata,celebrity
kerrywashington,kerrywashington.com,kerry washington,celebrity
cortezrafa,rafaelcortez.com,Rafael Cortez,celebrity
marceloadnet0,gshow.com,Marcelo Adnet,celebrity
Omar_Almulhem,,عمر الملحم,celebrity
BethanyMota,youtube.com, Bethany Mota ∞ ,celebrity
Thiago6,thiagoalcantara6.com,Thiago Alcantara,celebrity
TheCarlosPena,lexlos.com,Carlos PenaVega,celebrity
AlfredoFlores,,Alfredo Flores,celebrity
jackgilinsky,apple.co,Jack Gilinsky,celebrity
CAROLE_SAMAHA,,CAROLE SAMAHA,celebrity
TonyRobbins,tonyrobbins.com,Tony Robbins,celebrity
carocruzosorio,,Carolina Cruz Osorio,celebrity
GaryValenciano1,garyv.com,GARY VALENCIANO,celebrity
KendraWilkinson,,Kendra Wilkinson,celebrity
4everBrandy,,The Next Brandy,celebrity
GordonRamsay,gordonramsay.com,Gordon Ramsay,celebrity
henrygayle,,Chris Gayle,celebrity
SeppBlatter,,Joseph S Blatter,celebrity
fucktyler,golfwang.com,"Tyler, The Creator",celebrity
kenandogulu,,Kenan Doğulu,celebrity
McIlroyRory,rorymcilroy.com,Rory Mcilroy,celebrity
Garik2000,,Гарик Харламов,celebrity
gisel_la,,Gisella Anastasia,celebrity
RealPaulWalker,paulwalkerfoundation.org,Paul Walker,celebrity
YASSER_Q_Y20,alqanas.com.sa,YASSER.S.ALQAHTANI,celebrity
FarrukoPR,smarturl.it,Farruko,celebrity
jhongsample,,Jhong hilario,celebrity
drangelocarbone,drangelocarbone.wordpress.com,Dr. Angelo Carbone,celebrity
Flordelav,WWW.FLORDELAVE.COM,Flor De La Ve,celebrity
IanMcKellen,McKellen.com,Ian McKellen,celebrity
XianLimm,xianlimm.com,XIAN LIM,celebrity
SamNasri19,,Samir Nasri Official,celebrity
zairana,zairanara.com,Zaira Nara,celebrity
DeepakChopra,deepakchopra.com,Deepak Chopra,celebrity
kingsthings,ora.tv,Larry King,celebrity
Anggun_Cipta,anggun.com,Anggun Official,celebrity
icecube,icecube.com,Ice Cube,celebrity
LaraDutta,mylaradutta.com,Lara Dutta Bhupathi,celebrity
DAVID_LYNCH,davidlynch.com,David Lynch,celebrity
LAAZCARATE,,ALEJANDRA AZCÁRATE,celebrity
jeremypiven,imdb.com,Jeremy Piven,celebrity
FifthHarmony,smarturl.it,Fifth Harmony,celebrity
feliciaday,feliciaday.com,Felicia Day,celebrity
ShraddhaKapoor,,Shraddha Kapoor,celebrity
TurkiAldakhil,alarabiya.net,#تركي_الدخيل,celebrity
biz,jelly.co,Biz Stone,celebrity
OscarDLeon,youtube.com,"Oscar D' Leon",celebrity
TomDaley1994,tomdaley.tv,Tom Daley,celebrity
chriscolfer,thelandofstories.com,Chris Colfer,celebrity
TheRealAC3,,Ashley Cole,celebrity
IAmJericho,chris-jericho.org,Chris Jericho,celebrity
JackJackJohnson,itun.es,Jack Johnson,celebrity
Dbolina,,Dani Bolina,celebrity
JoeyGraceffa,youtube.com,Joey Graceffa,celebrity
Joe_Sugg,,Joe Sugg,celebrity
katedelcastillo,katedelcastillo.us,kate del castillo,celebrity
masason,softbank.co.jp,孫正義,celebrity
aaronpaul_8,slashfilm.com,Aaron Paul,celebrity
MannyPacquiaoTR,,Manny Pacquiao,celebrity
MsLaurenLondon,,Lauren London,celebrity
PaulMcCartney,PaulMcCartney.com,Paul McCartney,celebrity
rossR5,R5rocks.com,Ross Lynch,celebrity
TheMandyMoore,,Mandy Moore,celebrity
adamlambert,adamofficial.com,ADAM LAMBERT,celebrity
anandmahindra,mahindra.com,anand mahindra,celebrity
BillNye,billnyebooks.com,Bill Nye,celebrity
OlaAlfares,nashamahkj.org,♛ ᴏʟᴀ ᴀʟғᴀʀᴇs ♛﹟HKJ,celebrity
showimah,,Soimah,celebrity
greysonchance,greyson-official.com,Greyson Chance,celebrity
JimGaffigan,jimgaffigan.com,Jim Gaffigan,celebrity
DENISE_RICHARDS,deniserichards.com,Denise Richards,celebrity
stephenasmith,stephena.com,Stephen A Smith,celebrity
RichardHammond,thehamsterscage.co.uk,Richard Hammond,celebrity
ristomejide,ristomejide.com,Risto Mejide,celebrity
iqbaale,,IqbaalDhiafakhri-IDR,celebrity
ThisisDavina,thisisdavina.com,Davina McCall,celebrity
D_Ospina1,,David Ospina,celebrity
emreaydin,emreaydin.org,Emre Aydın,celebrity
raphaelvarane,raphael-varane.net,Raphaël Varane,celebrity
JAlvarezFlow,youtu.be,J Alvarez Flow,celebrity
xtianbautista,christianbautistaonline.com,Christian Bautista,celebrity
carterreynolds,youtube.com,Carter Reynolds,celebrity
KyrieIrving,,Kyrie Irving,celebrity
YosriFouda,YosriFouda.com,Yosri Fouda,celebrity
iloveruffag,iloveruffag.com,Ruffa Gutierrez,celebrity
jccaylen,kianandjctour.com,☁︎jc,celebrity
shymofficiel,shymofficiel.com,"Shy'm",celebrity
Bourdain,,Anthony Bourdain,celebrity
RachelZoe,thezoereport.com,Rachel Zoe,celebrity
djkhaled,,DJ KHALED,celebrity
angelicavale,,Angelica Vale,celebrity
jasonsegel,,Jason Segel,celebrity
dhikacungkring,,andhika pratama,celebrity
robbiewilliams,robbiewilliams.com,Robbie Williams,celebrity
MrJamesMay,,James May,celebrity
ImZaheer,zaheerkhans.com,zaheer khan,celebrity
lottietommo,lottietomlinson.com,Lottie Tomlinson,celebrity
JackHarries,jacksgap.com,Jackson Harries,celebrity
wandaicardi,,Wanda Icardi,celebrity
HeffronDrive,itun.es,Kendall Schmidt,celebrity
anakarylle,ph.omg.yahoo.com,karylletatlonghari,celebrity
elmorenomichael,elmorenomichael.tv,EL MORENO MICHAEL,celebrity
JeremyBieber,shots.me,Jeremy Bieber,celebrity
NathanKress,imdb.com,Nathan Kress,celebrity
HARDWELL,,Hardwell,celebrity
Charlottegshore,officialcharlottecrosby.com,Charlotte Crosby,celebrity
sarseh,,sarah sechan,celebrity
Hadise,twist.com.tr,HADISE ACIKGOZ,celebrity
S1dharthM,,Sidharth Malhotra,celebrity
Cyrilhanouna,teamhanouna.com,Cyril Hanouna,celebrity
twhiddleston,,Tom Hiddleston,celebrity
superstarrajini,,Rajinikanth,celebrity
manaoficial,mana.com.mx,Maná,celebrity
CMPunk,cmpunk.com,Coach,celebrity
MarcusButler,youtube.com,Marcus Butler,celebrity
kojiharunyan,,小嶋 陽菜,celebrity
andrescepeda,andrescepeda.com.co,Andrés Cepeda,celebrity
pattonoswalt,pattonoswalt.com,Patton Oswalt,celebrity
TripleH,,Triple H,celebrity
JodiStaMaria,,Jodi Sta.Maria,celebrity
sebastianrulli,rullinaticasworld.blogspot.com.es,Sebastian Rulli,celebrity
carlosbaute,carlosbauteoficial.com,Carlos Baute,celebrity
AudrinaPatridge,audrinapatridge.com,Audrina Patridge,celebrity
dannapaola,,Danna Paola,celebrity
siyovushdustov,siyovushdustov.com,Siyovush Dustov,celebrity
KattPackAllDay,,Katt Williams,celebrity
k_alshenaif,,خالد الشنيف,celebrity
officialpepe,,Pepe,celebrity
LeventUzumcu,leventuzumcu.com,Levent Üzümcü,celebrity
ladyantebellum,ladyantebellum.com,Lady Antebellum,celebrity
nxzerooficial,nxzero.com.br,NX Zero,celebrity
ShaneWarne,shanewarne.com,Shane Warne,celebrity
AdnanAlarour,islamwasat.com,عدنان العرعور,celebrity
Dynamomagician,,Dynamo,celebrity
booba,,Booba,celebrity
MustafaHosny,mustafahosny.com,Mustafa Hosny,celebrity
FrencHMonTanA,frenchmontanamusic.com,French Montana,celebrity
KeithUrban,keithurban.net,Keith Urban,celebrity
xuxameneghel,xuxa.com,Xuxa.com,celebrity
cala,ismaelcala.com,Ismael Cala,celebrity
mariko_dayo,mariko-shinoda.net,篠田麻里子,celebrity
danimartinezweb,danimartinez.es,Dani Martínez,celebrity
NajwaShihab,,Najwa Shihab,celebrity
AdalRamones,,Adal Ramones,celebrity
Ferrynimous,soundcloud.com,Ferry Yolanda F,celebrity
belalfadl,,Belal Fadl,celebrity
OficialGio,oficialgio.com,Giovani Dos Santos,celebrity
MikeVick,fanduel.com,Mike Vick,celebrity
woodyinho,marcoreus.de,Marco Reus,celebrity
bobsaget,bobsaget.com,bob saget,celebrity
TomFelton,,Tom Felton,celebrity
MrsSOsbourne,sharonosbourne.com,Sharon Osbourne,celebrity
MartinGarrix,martingarrix.com,MARTIN GARRIX,celebrity
SteveNash,,Steve Nash,celebrity
omeshomesh,anomindonesia.com,ananda omesh,celebrity
jotaquest,jotaquest.com.br,Jota Quest Oficial,celebrity
mariashriver,mariashriver.com,Maria Shriver,celebrity
esmuellert_,es-muellert-wieder.de,Thomas Müller,celebrity
AlKohler7KEPO,,Al Ghazali Kohler,celebrity
Yusuf_Mansur,yusufmansur.com,Yusuf Mansur,celebrity
VincentKompany,,Vincent Kompany,celebrity
williebosshog,,Willie Robertson,celebrity
Stromae,stromae.net,Stromae,celebrity
neilhimself,neilgaiman.com,Neil Gaiman,celebrity
MoezMasoud,,Moez Masoud,celebrity
DavidSpade,,David Spade,celebrity
PaulaAbdul,PaulaAbdul.com,Paula Abdul,celebrity
WWEDanielBryan,,Daniel Bryan,celebrity
drose,drosehoops.com,Derrick Rose,celebrity
Fabio_Coentrao,,Fabio Coentrao,celebrity
ayseozyilmazel,ayseozyilmazel.net,ayse ozyilmazel,celebrity
alo_oficial,fernandoalonso.com,Fernando Alonso,celebrity
RebelWilson,,Rebel Wilson,celebrity
michaelbuble,michaelbuble.com,Michael Bublé,celebrity
robertmarion,,Robi Domingo,celebrity
bonnovanderputt,,bonno van der putten,celebrity
sgokbakar,,Şahan Gökbakar,celebrity
smoshanthony,SMOSHTheMovie.com,Anthony Padilla,celebrity
luke_brooks,m.youtube.com,Luke Brooks,celebrity
depechemode,depechemode.com,Depeche Mode,celebrity
amyschumer,amyschumer.com,Amy Schumer,celebrity
CraigyFerg,,Craig Ferguson,celebrity
FatinSL,fatinsl.com,Fatin Shidqia Lubis,celebrity
mnzadornov,youtube.com,Михаил Задорнов,celebrity
ayushmannk,ayushmannk.tumblr.com,Ayushmann Khurrana,celebrity
BIRDMAN5STAR,stunnalife.com,BIRDMAN,celebrity
danisuzuki,danisuzuki.com.br,Dani Suzuki,celebrity
kylieminogue,Kylie.com,kylie minogue,celebrity
Zedd,smarturl.it,Zedd,celebrity
SleepintheGardn,katuriankaturiankaturian.tumblr.com,Troian,celebrity
therealjuicyj,thejuicyj.com,juicy j,celebrity
manugavassi,manugavassi.com.br,Manu Gavassi,celebrity
soujorge,seujorge.com,Seu Jorge,celebrity